export_value,weight,logistics_cost_rate,tax_rate,region_code
267212.25,1583.2,0.129,0.041,0
224991.45,4300.8,0.092,0.118,1
15371.31,3517.3,0.057,0.072,3
174645.77,2039.0,0.166,0.112,3
237042.12,427.7,0.154,0.075,0
10099.97,3676.9,0.139,0.047,0
167156.96,3103.6,0.063,0.079,1
258040.42,64.4,0.038,0.044,3
144860.11,96.6,0.124,0.099,1
6211.33,4053.5,0.12,0.035,3
8248.94,1334.0,0.054,0.093,3
127907.63,3198.9,0.03,0.136,3
50727.56,2298.4,0.035,0.131,0
201012.94,4324.0,0.199,0.136,3
214095.78,4589.0,0.161,0.141,3
57474.54,4984.2,0.186,0.043,3
267117.32,810.7,0.055,0.045,2
135362.81,4321.7,0.193,0.097,0
47139.54,1366.8,0.046,0.137,2
230454.22,2974.5,0.112,0.147,0
238042.48,2553.6,0.169,0.036,1
193592.16,139.0,0.083,0.073,2
256772.34,4667.2,0.096,0.056,1
222525.03,437.7,0.043,0.121,3
265250.69,3456.7,0.042,0.107,1
132996.97,3935.8,0.132,0.044,1
225541.15,3986.7,0.142,0.088,1
299926.71,720.7,0.16,0.112,1
218854.7,2265.5,0.12,0.123,0
38684.22,4155.7,0.136,0.032,2
157904.02,1548.3,0.022,0.137,0
178267.6,2365.4,0.049,0.098,0
56392.15,1400.3,0.197,0.127,0
289053.03,2344.6,0.034,0.127,1
56796.03,4444.8,0.142,0.053,0
57379.59,2302.9,0.052,0.043,2
274974.31,2801.8,0.149,0.117,0
142235.6,2049.7,0.147,0.049,3
23640.54,2327.6,0.062,0.132,1
181465.31,125.1,0.069,0.117,3
182538.77,1454.5,0.138,0.131,2
24027.72,2211.1,0.09,0.066,2
291894.14,3187.3,0.055,0.068,2
165488.84,2277.8,0.152,0.111,2
170139.74,1722.2,0.048,0.034,0
158434.05,1971.1,0.174,0.117,1
185165.87,1249.4,0.113,0.13,2
82968.43,4626.2,0.039,0.08,3
89736.2,2632.6,0.145,0.122,2
155845.03,116.4,0.113,0.051,1
242972.33,146.3,0.074,0.069,3
19710.05,4866.2,0.096,0.147,3
183004.24,1146.2,0.074,0.148,3
242999.55,4037.8,0.067,0.092,0
51290.6,338.5,0.049,0.142,2
9431.65,4609.8,0.085,0.093,0
97250.42,4378.4,0.065,0.065,3
178502.39,2876.9,0.143,0.062,0
45793.54,94.5,0.143,0.142,0
130706.1,1326.2,0.11,0.051,0
167934.84,2063.8,0.16,0.1,2
181670.51,2327.3,0.171,0.097,3
85951.46,1523.5,0.124,0.119,3
123008.74,213.1,0.131,0.09,2
234610.07,2971.1,0.071,0.063,0
282658.33,2644.6,0.181,0.05,0
259254.7,1450.9,0.024,0.104,1
171463.63,238.0,0.083,0.116,1
126036.38,4973.2,0.15,0.098,1
103222.2,2435.8,0.034,0.119,2
41862.19,3792.2,0.053,0.047,3
36432.62,2289.0,0.126,0.136,1
208065.5,263.7,0.121,0.1,3
81639.35,1582.5,0.153,0.045,3
80125.2,1634.5,0.166,0.085,3
299467.54,4199.8,0.043,0.131,2
60438.16,3288.4,0.023,0.138,2
48677.63,1413.4,0.144,0.062,2
34112.14,4840.3,0.074,0.115,2
176042.58,1641.6,0.133,0.042,1
190219.83,4991.3,0.047,0.034,0
112742.24,4981.0,0.104,0.097,0
162946.93,996.5,0.111,0.113,0
237577.86,1598.1,0.125,0.125,1
246340.73,2455.9,0.112,0.071,0
287584.06,3337.3,0.109,0.031,1
248159.06,2663.8,0.08,0.088,1
171628.22,4848.7,0.033,0.032,1
57998.8,3633.7,0.036,0.041,0
34430.25,1099.6,0.098,0.069,3
21081.01,570.2,0.084,0.082,0
201625.12,3457.6,0.113,0.064,0
243223.2,834.3,0.075,0.1,2
155061.77,3949.0,0.144,0.037,1
21140.68,1589.6,0.176,0.047,3
162963.82,1668.1,0.074,0.113,2
281046.03,103.5,0.055,0.047,3
181295.89,3520.0,0.041,0.107,3
243781.11,610.7,0.131,0.037,1
241045.03,3875.8,0.1,0.079,0
279978.08,2484.7,0.054,0.051,1
232217.49,3932.2,0.138,0.043,1
225571.65,2940.4,0.047,0.098,2
74060.29,458.0,0.12,0.141,1
22677.92,3840.0,0.115,0.037,0
157691.84,395.5,0.152,0.081,3
41708.09,2419.6,0.03,0.115,1
288847.78,903.1,0.18,0.086,3
90527.8,3774.1,0.147,0.127,1
256618.54,4562.4,0.059,0.052,3
119349.26,2792.9,0.053,0.145,1
100342.3,2659.4,0.098,0.076,2
280871.78,3831.6,0.167,0.071,3
112180.16,75.1,0.172,0.135,1
120134.93,4592.9,0.114,0.098,1
36297.07,1027.4,0.175,0.092,2
202781.77,4921.4,0.021,0.117,2
90207.63,3694.5,0.026,0.1,2
177753.23,3882.5,0.184,0.05,3
179448.75,3298.2,0.16,0.111,3
217163.91,2384.7,0.101,0.046,2
224846.24,2879.6,0.156,0.127,0
156763.47,279.7,0.192,0.149,0
102642.62,3138.6,0.159,0.075,1
252048.01,3149.2,0.172,0.083,0
96410.37,4461.4,0.157,0.036,1
154715.18,2553.0,0.05,0.032,3
123369.51,431.9,0.17,0.141,3
257248.12,1565.7,0.055,0.045,0
132415.97,3295.4,0.181,0.083,3
118899.26,1234.3,0.103,0.128,2
208497.99,1438.6,0.142,0.137,2
182720.13,4111.3,0.11,0.092,0
36637.82,2942.4,0.037,0.098,0
154909.8,2567.2,0.072,0.11,1
221966.12,1626.3,0.197,0.145,3
297662.06,3668.1,0.193,0.102,1
190598.32,1474.2,0.078,0.097,1
114236.45,3698.5,0.199,0.032,2
71714.72,397.0,0.172,0.04,2
262484.92,4329.5,0.13,0.099,2
245296.74,2522.9,0.027,0.142,2
74007.23,2220.6,0.182,0.134,1
64186.47,3074.6,0.12,0.148,2
215965.35,3139.8,0.176,0.093,3
97910.86,703.6,0.17,0.125,2
95387.65,3793.4,0.17,0.131,2
49925.62,1415.8,0.146,0.108,2
82872.78,4529.6,0.072,0.071,0
131114.73,4098.4,0.081,0.086,3
221187.31,1764.0,0.076,0.133,3
104210.89,4048.3,0.024,0.066,1
101938.28,1814.1,0.125,0.141,1
89049.41,549.7,0.146,0.058,2
146093.68,4811.3,0.174,0.12,0
58287.83,3280.4,0.045,0.106,1
148261.07,2307.7,0.118,0.12,1
212731.79,2019.0,0.021,0.082,2
13788.2,1657.3,0.037,0.142,2
7884.92,4908.2,0.03,0.106,1
27161.26,717.0,0.151,0.065,1
163019.72,1608.3,0.035,0.107,3
257064.25,2453.2,0.149,0.064,0
6440.92,2416.1,0.065,0.065,3
281315.08,2383.3,0.178,0.078,1
36352.16,920.1,0.166,0.132,3
253385.14,767.4,0.192,0.09,3
147442.16,1311.1,0.179,0.111,1
199510.43,4576.9,0.188,0.077,2
155651.48,609.6,0.175,0.062,1
145729.23,3799.3,0.145,0.145,2
251295.33,3799.9,0.051,0.102,1
227986.48,4058.4,0.069,0.142,1
147603.66,4438.7,0.058,0.054,1
37932.6,1352.0,0.129,0.048,0
39043.87,1161.6,0.111,0.133,2
241454.14,2354.3,0.176,0.112,0
161170.23,1362.2,0.191,0.052,1
147068.8,3684.8,0.093,0.062,3
205767.22,3197.9,0.111,0.126,0
258358.27,4381.2,0.195,0.084,2
190517.58,459.6,0.07,0.11,1
230040.13,4579.7,0.163,0.068,0
230754.8,1502.1,0.061,0.076,3
110097.13,2478.9,0.143,0.149,0
85854.54,2221.1,0.066,0.06,2
241343.4,3813.5,0.179,0.091,0
116267.74,2130.6,0.121,0.131,3
271484.12,4720.6,0.053,0.059,3
25558.76,4517.5,0.06,0.08,2
22174.17,4367.2,0.109,0.104,3
278466.23,402.7,0.193,0.088,1
196294.2,4278.6,0.159,0.085,3
116981.81,3919.1,0.108,0.074,1
227742.82,562.4,0.081,0.1,0
203336.41,581.7,0.119,0.105,1
161704.31,550.8,0.155,0.108,1
34167.64,106.1,0.161,0.038,0
244592.98,2765.7,0.078,0.106,3
260476.84,4868.3,0.15,0.144,1
55789.76,2221.5,0.138,0.095,3
255900.94,2726.7,0.193,0.116,0
263964.96,4841.5,0.188,0.097,2
167081.44,1313.2,0.162,0.133,3
198572.82,4299.4,0.15,0.142,3
117760.01,2754.6,0.069,0.052,2
88128.54,2868.9,0.172,0.082,2
217985.03,1748.7,0.097,0.077,0
259253.17,2829.8,0.069,0.079,3
197952.88,412.1,0.089,0.045,3
155919.23,3835.0,0.17,0.128,0
51882.81,1459.2,0.047,0.034,3
20770.32,4443.7,0.102,0.093,1
136479.08,1870.9,0.109,0.109,1
19558.12,757.0,0.027,0.055,1
172953.72,3494.6,0.055,0.139,3
117905.11,864.7,0.169,0.131,1
228370.79,3780.7,0.17,0.087,1
95166.31,4842.2,0.073,0.079,0
179929.9,3908.8,0.177,0.058,0
163616.64,161.1,0.159,0.118,2
6390.17,3019.4,0.095,0.046,2
26354.87,3492.3,0.155,0.112,2
90658.62,4136.0,0.193,0.131,2
265259.35,327.2,0.103,0.057,0
48369.41,2426.5,0.063,0.134,0
214713.83,2700.1,0.19,0.034,0
292143.14,887.2,0.129,0.14,1
238217.43,1646.1,0.039,0.044,1
76668.88,2229.1,0.123,0.107,2
272967.75,4174.4,0.11,0.06,1
32466.61,4650.6,0.174,0.13,3
143101.87,3160.7,0.116,0.091,0
266824.86,2005.0,0.066,0.046,2
194173.38,1307.5,0.142,0.099,2
127025.15,4911.6,0.118,0.079,3
91379.8,4915.9,0.062,0.109,1
115654.32,4628.6,0.123,0.136,2
155137.83,3939.1,0.168,0.079,1
99117.96,1662.6,0.025,0.065,1
290845.52,4094.2,0.134,0.032,3
280257.91,2073.5,0.083,0.099,2
261848.08,1667.5,0.073,0.078,1
129439.8,3737.1,0.091,0.075,1
208934.02,444.3,0.082,0.052,3
271334.65,290.4,0.17,0.082,3
255876.7,2267.4,0.069,0.148,1
127226.47,2255.9,0.152,0.066,3
38153.88,4483.4,0.037,0.102,1
27310.96,674.5,0.191,0.123,2
175233.89,660.3,0.132,0.12,0
194575.24,779.9,0.147,0.069,3
255703.57,197.2,0.074,0.103,0
91291.93,405.1,0.094,0.135,1
54403.79,3316.4,0.06,0.032,1
116806.72,2186.3,0.188,0.082,1
109304.66,3829.8,0.108,0.057,0
44078.34,4963.4,0.133,0.077,1
203323.38,3312.2,0.152,0.08,3
155064.12,299.8,0.087,0.12,2
217731.21,567.6,0.15,0.041,2
109043.88,4411.0,0.142,0.092,3
101082.15,2661.1,0.147,0.098,2
144409.88,4132.9,0.108,0.089,0
263835.17,4290.2,0.089,0.118,1
16882.99,4642.0,0.06,0.076,1
242425.68,4751.7,0.168,0.143,1
113851.35,2796.4,0.13,0.088,0
257112.61,1738.0,0.1,0.099,0
241649.89,4811.2,0.19,0.129,0
107884.57,2759.7,0.029,0.063,3
209693.58,368.1,0.173,0.039,0
52091.66,3231.7,0.2,0.115,2
269403.06,2959.0,0.18,0.088,3
124324.86,4484.2,0.166,0.138,3
139409.56,3283.3,0.087,0.148,3
213198.92,1777.8,0.062,0.078,0
247147.87,4832.8,0.152,0.08,3
74721.11,4018.0,0.075,0.079,0
200098.29,3170.6,0.052,0.069,0
120639.42,1500.0,0.162,0.124,3
113767.36,1899.0,0.076,0.121,1
208557.62,3366.4,0.185,0.087,1
119219.07,406.3,0.171,0.035,3
107102.01,1320.6,0.173,0.067,1
251587.08,3583.8,0.159,0.065,2
34876.46,2426.1,0.179,0.127,2
204388.32,2041.8,0.165,0.041,0
78373.99,799.7,0.128,0.127,1
9571.98,2237.2,0.073,0.11,2
54195.46,3864.9,0.18,0.118,3
183965.15,1356.9,0.171,0.082,1
214192.52,76.7,0.105,0.112,2
11212.05,3359.1,0.027,0.103,2
15745.51,4864.5,0.135,0.122,3
271249.92,3053.8,0.029,0.084,0
26625.22,643.6,0.187,0.087,3
268783.74,1637.6,0.193,0.107,0
72308.94,4344.8,0.054,0.043,2
223305.25,1201.2,0.142,0.082,0
